orderid,linklabel
1729402073874928286,https://drive.google.com/file/d/1HwWdtE_vHY0fdmZGPHx0PO-PkTKEInqB/view?usp=sharing
576492159439180576,https://drive.google.com/file/d/1M2Zp1PnDuvKGtm95kTk-fu9tz_VWcMO6/view?usp=drive_link
576492180844876639,https://drive.google.com/file/d/1c7vLwh7rSFHv5hMv7diXosofSMupQ-0E/view?usp=drive_link
576492212483560180,https://drive.google.com/file/d/1JYw2yJISQHqNC7SbyhNRzAgeXVPNqRo4/view?usp=drive_link
576492216696607123,https://drive.google.com/file/d/13QP6fmmXurtx0noYo2Xz1VEIIX4_kn8u/view?usp=drive_link
576492232808502267,https://drive.google.com/file/d/1VGtMFxymsXj2XpXdlmlrtNu7QEAcyYcV/view?usp=drive_link
576492255367631387,https://drive.google.com/file/d/1qVRM4B7_P0bJ4jq5bpy-Y6t_sOA04lkj/view?usp=drive_link
576492269249926069,https://drive.google.com/file/d/1Sqq0ehm5a0c9VkXyGkdLA3tLwVGVovDg/view?usp=drive_link
576492271453114769,https://drive.google.com/file/d/1M6gNanaruTOGblNDkWMLPjBC5uVlhmsd/view?usp=drive_link
576492273069429555,https://drive.google.com/file/d/1v5t4xFRNjJi0e1phOKXtZw5E40pvYviK/view?usp=drive_link
576492282894520354,https://drive.google.com/file/d/10tQ-OYQ-fUUd1QNas3kmIa84M8P3EBQC/view?usp=drive_link
576492505781932178,https://drive.google.com/file/d/1zNaTLcPvbJggkEdbd9h2EBXVOMfAO0xd/view?usp=sharing
576492526894813531,https://drive.google.com/file/d/1fSUT_0N378tLOMEcs0Y63h-pPG50foin/view?usp=drive_link
576492655669580417,https://drive.google.com/file/d/1fPVs8I_W6JYRjbGal61A_P3d3sVHmbrL/view?usp=drive_link
576492708287189969,https://drive.google.com/file/d/1VNZwO7wwXQv-NMe1mqHF_oliCq2emE7Z/view?usp=drive_link
576492747983655456,https://drive.google.com/file/d/1obYH4m9xWktvLzNAJkIWKOp8yxut3a7Y/view?usp=drive_link
576492929878691929,https://drive.google.com/file/d/1-Wi3Fl53ZEB2PlRCfpOrd3GlS0YmspE5/view?usp=sharing
576492942934708596,https://drive.google.com/file/d/1AtDfICs7PepB12EQw-qkqiqSN4KxXO8J/view?usp=drive_link
576492949186777507,https://drive.google.com/uc?id=1CmGji-YW2EEVej369yHfN0cRYjWMr1ZS
576493055863394949,https://drive.google.com/file/d/1nl2G1LSV2LsQw0eDR9qpUf4Sb78XiqUl/view?usp=sharing
576493069261967681,https://drive.google.com/file/d/15KSfw1EHh5m6SwmmoS5bceZ815RW0d_n/view?usp=sharing
576493093671899875,https://drive.google.com/file/d/1oMUKehnGxrOgiuLuF5Fi6ujSjBKMwrlK/view?usp=sharing
